{
  "images" : [
    {
      "idiom" : "universal",
      "scale" : "1x"
    },
    {
      "idiom" : "universal",
      "scale" : "2x"
    },
    {
      "idiom" : "universal",
      "scale" : "3x"
    },
    {
      "idiom" : "iphone",
      "filename" : "red bar_iPhone.png",
      "scale" : "1x"
    },
    {
      "idiom" : "iphone",
      "filename" : "red bar_iPhone@2x.png",
      "scale" : "2x"
    },
    {
      "idiom" : "iphone",
      "scale" : "3x"
    },
    {
      "idiom" : "ipad",
      "filename" : "red_bar-1.png",
      "scale" : "1x"
    },
    {
      "idiom" : "ipad",
      "filename" : "red_bar@2x.png",
      "scale" : "2x"
    }
  ],
  "info" : {
    "version" : 1,
    "author" : "xcode"
  }
}