{
  "images" : [
    {
      "idiom" : "universal",
      "scale" : "1x"
    },
    {
      "idiom" : "universal",
      "scale" : "2x"
    },
    {
      "idiom" : "universal",
      "scale" : "3x"
    },
    {
      "idiom" : "iphone",
      "filename" : "refresh-off-1.png",
      "scale" : "1x"
    },
    {
      "idiom" : "iphone",
      "filename" : "refresh-off@2x.png",
      "scale" : "2x"
    },
    {
      "idiom" : "iphone",
      "scale" : "3x"
    },
    {
      "idiom" : "ipad",
      "filename" : "refresh-on.png",
      "scale" : "1x"
    },
    {
      "idiom" : "ipad",
      "filename" : "refresh-on@2x.png",
      "scale" : "2x"
    }
  ],
  "info" : {
    "version" : 1,
    "author" : "xcode"
  }
}